{"version":1,"config":{"env":{},"webpack":null,"webpackDevMiddleware":null,"eslint":{"ignoreDuringBuilds":false},"typescript":{"ignoreBuildErrors":false,"tsconfigPath":"tsconfig.json"},"distDir":".next","cleanDistDir":true,"assetPrefix":"","configOrigin":"next.config.js","useFileSystemPublicRoutes":true,"generateEtags":true,"pageExtensions":["tsx","ts","jsx","js"],"target":"serverless","poweredByHeader":true,"compress":true,"analyticsId":"","images":{"deviceSizes":[640,750,828,1080,1200,1920,2048,3840],"imageSizes":[16,32,48,64,96,128,256,384],"path":"/_next/image","loader":"default","domains":[],"disableStaticImages":false,"minimumCacheTTL":60,"formats":["image/webp"],"dangerouslyAllowSVG":false,"contentSecurityPolicy":"script-src 'none'; frame-src 'none'; sandbox;"},"devIndicators":{"buildActivity":true,"buildActivityPosition":"bottom-right"},"onDemandEntries":{"maxInactiveAge":15000,"pagesBufferLength":2},"amp":{"canonicalBase":""},"basePath":"","sassOptions":{},"trailingSlash":false,"i18n":null,"productionBrowserSourceMaps":false,"optimizeFonts":true,"excludeDefaultMomentLocales":true,"serverRuntimeConfig":{},"publicRuntimeConfig":{},"reactStrictMode":true,"httpAgentOptions":{"keepAlive":true},"outputFileTracing":true,"staticPageGenerationTimeout":60,"swcMinify":false,"experimental":{"newNextLinkBehavior":false,"cpus":3,"sharedPool":true,"plugins":false,"profiling":false,"isrFlushToDisk":true,"workerThreads":false,"pageEnv":false,"optimizeCss":false,"nextScriptWorkers":false,"scrollRestoration":false,"externalDir":false,"reactRoot":true,"disableOptimizedLoading":false,"gzipSize":true,"swcFileReading":true,"craCompat":false,"esmExternals":true,"rootDir":false,"isrMemoryCacheSize":52428800,"serverComponents":false,"fullySpecified":false,"outputFileTracingRoot":"","outputStandalone":false,"images":{"layoutRaw":false},"trustHostHeader":false},"configFileName":"next.config.js"},"appDir":"/codebuild/output/src583602221/src/Aivara_Frontend","files":[".next/routes-manifest.json",".next/serverless/pages-manifest.json",".next/build-manifest.json",".next/prerender-manifest.json",".next/server/middleware-manifest.json",".next/react-loadable-manifest.json",".next/serverless/font-manifest.json",".next/BUILD_ID"],"ignore":["node_modules/next/dist/compiled/@ampproject/toolbox-optimizer/**/*"]}